"0","duplicated(bdays)"
"1"," [1]"
"1"," FALSE"
"1"," FALSE"
"1"," FALSE"
"1"," FALSE"
"1"," FALSE"
"1"," FALSE"
"1"," FALSE"
"1"," FALSE"
"1"," FALSE"
"1"," FALSE"
"1"," FALSE"
"1"," FALSE"
"1"," FALSE"
"1","
"
"1","[14]"
"1"," FALSE"
"1"," FALSE"
"1","  TRUE"
"1"," FALSE"
"1"," FALSE"
"1"," FALSE"
"1"," FALSE"
"1"," FALSE"
"1"," FALSE"
"1"," FALSE"
"1"," FALSE"
"1"," FALSE"
"1"," FALSE"
"1","
"
"1","[27]"
"1"," FALSE"
"1"," FALSE"
"1"," FALSE"
"1"," FALSE"
"1"," FALSE"
"1"," FALSE"
"1"," FALSE"
"1"," FALSE"
"1"," FALSE"
"1","  TRUE"
"1"," FALSE"
"1"," FALSE"
"1"," FALSE"
"1","
"
"1","[40]"
"1"," FALSE"
"1"," FALSE"
"1"," FALSE"
"1"," FALSE"
"1"," FALSE"
"1"," FALSE"
"1"," FALSE"
"1"," FALSE"
"1"," FALSE"
"1"," FALSE"
"1"," FALSE"
"1","
"
